{"cameraMode":{"drawMode":0,"name":"Shaded","section":"Shading Mode"},"sceneLighting":true,"audioPlay":false,"sceneViewState":{"showFog":true,"showMaterialUpdate":false,"showSkybox":true,"showFlares":true,"showImageEffects":true,"showParticleSystems":true},"in2DMode":false,"pivot":{"x":39.32323455810547,"y":19.872085571289064,"z":22.690412521362306},"rotation":{"x":0.3396035134792328,"y":0.005644157994538546,"z":-0.0020374266896396877,"w":0.9405496120452881},"size":5.183586120605469,"orthographic":false}