{"cameraMode":{"drawMode":0,"name":"Shaded","section":"Shading Mode"},"sceneLighting":true,"audioPlay":false,"sceneViewState":{"showFog":true,"showMaterialUpdate":false,"showSkybox":true,"showFlares":true,"showImageEffects":true,"showParticleSystems":true},"in2DMode":false,"pivot":{"x":121.37908172607422,"y":46.872230529785159,"z":68.72470092773438},"rotation":{"x":0.0398809015750885,"y":0.020075274631381036,"z":-0.000801333982963115,"w":0.9990024566650391},"size":22.0,"orthographic":false}