{"cameraMode":{"drawMode":0,"name":"Shaded","section":"Shading Mode"},"sceneLighting":false,"audioPlay":false,"sceneViewState":{"showFog":true,"showMaterialUpdate":false,"showSkybox":false,"showFlares":true,"showImageEffects":true,"showParticleSystems":true},"in2DMode":false,"pivot":{"x":0.014696478843688965,"y":0.8100000619888306,"z":0.0},"rotation":{"x":-0.00723736546933651,"y":0.870294451713562,"z":-0.4923175275325775,"w":-0.012793335132300854},"size":3.9583892822265627,"orthographic":false}